dtstart,dtend,dtstamp,created,description,last-modified,location,sequence,status,summary
"2023-12-14T11:30:00","2023-12-14T13:30:00","2023-11-20T15:07:01Z","2023-10-22T21:28:00Z","","2023-10-22T21:28:00Z","","0","","POLSCI FINAL"
"2023-08-30T11:30:00","2023-08-30T12:20:00","2023-11-20T15:07:01Z","2023-10-22T21:28:00Z","The following information couldn’t be added to Exchange:\ntime zone:Floating","2023-10-22T21:28:00Z","West Building W208","0","","POLSC 11000 American Gov: Historical Intro at Hunter College"
"2023-08-29T19:00:00","2023-08-29T20:15:00","2023-11-20T15:07:01Z","2023-10-22T21:28:00Z","The following information couldn’t be added to Exchange:\ntime zone:Floating","2023-10-22T21:28:00Z","West Building W615","0","","CSCI 26000 Computer Architecture 2 at Hunter College"
"2023-08-28T19:00:00","2023-08-28T20:15:00","2023-11-20T15:07:01Z","2023-10-22T21:28:00Z","The following information couldn’t be added to Exchange:\ntime zone:Floating","2023-10-22T21:28:00Z","Online Courses 01","0","","CLA 10100 Classical Mythology at Hunter College"
"2023-08-28T11:30:00","2023-08-28T12:45:00","2023-11-20T15:07:01Z","2023-10-22T21:28:00Z","The following information couldn’t be added to Exchange:\ntime zone:Floating","2023-10-22T21:28:00Z","West Building W207","0","","CHIN 20100 Intermediate Chinese 1 at Hunter College"
"2023-08-28T10:30:00","2023-08-28T11:20:00","2023-11-20T15:07:01Z","2023-10-22T21:28:00Z","The following information couldn’t be added to Exchange:\ntime zone:Floating","2023-10-22T21:28:00Z","West Building W615","0","","POLSC 11000 American Gov: Historical Intro at Hunter College"
"2023-08-16T13:30:00","2023-08-16T15:30:00","2023-11-20T15:07:01Z","2023-10-22T21:28:00Z","","2023-10-22T21:28:00Z","1 Manhattan West, 395 9th Ave, New York, NY 10001","0","","Accenture meeting"
"2023-08-27T10:00:00","2023-08-27T11:00:00","2023-11-20T15:07:01Z","2023-10-22T21:28:00Z","","2023-10-22T21:28:00Z","","0","","New Event"
"2023-07-26T17:00:00","2023-07-26T20:00:00","2023-11-20T15:07:01Z","2023-10-22T21:28:00Z","","2023-10-22T21:28:00Z","","0","","BTT"
"2023-08-29T17:30:00","2023-08-29T18:45:00","2023-11-20T15:07:01Z","2023-10-22T21:28:00Z","","2023-11-17T20:05:25Z","HN531","1","","CSCI49369"
"2023-08-29T19:00:00","2023-08-29T20:15:00","2023-11-20T15:07:01Z","2023-10-22T21:28:00Z","The following information couldn’t be added to Exchange:\ntime zone:Floating","2023-11-17T20:05:35Z","West Building W615","1","","CSCI 26000 Computer Architecture 2 at Hunter College"
"2023-08-28T11:30:00","2023-08-28T12:45:00","2023-11-20T15:07:01Z","2023-10-22T21:28:00Z","The following information couldn’t be added to Exchange:\ntime zone:Floating","2023-11-17T20:05:12Z","West Building W207","1","","CHIN 20100 Intermediate Chinese 1 at Hunter College"
"2023-08-28T19:00:00","2023-08-28T20:15:00","2023-11-20T15:07:01Z","2023-10-22T21:28:00Z","The following information couldn’t be added to Exchange:\ntime zone:Floating","2023-11-17T20:05:32Z","Online Courses 01","1","","CLA 10100 Classical Mythology at Hunter College"
"2023-08-28T10:30:00","2023-08-28T11:20:00","2023-11-20T15:07:01Z","2023-10-22T21:28:01Z","The following information couldn’t be added to Exchange:\ntime zone:Floating","2023-11-17T20:05:09Z","West Building W615","1","","POLSC 11000 American Gov: Historical Intro at Hunter College"
"2023-08-30T11:30:00","2023-08-30T12:20:00","2023-11-20T15:07:01Z","2023-10-22T21:28:01Z","The following information couldn’t be added to Exchange:\ntime zone:Floating","2023-11-17T20:04:48Z","West Building W208","1","","POLSC 11000 American Gov: Historical Intro at Hunter College"
"2023-07-03","2023-07-04","2023-11-20T15:07:01Z","2023-10-22T21:28:01Z","","2023-10-22T21:28:01Z","","0","","265 midterm 2"
"2023-06-29T20:00:00","2023-06-29T21:00:00","2023-11-20T15:07:01Z","2023-10-22T21:28:01Z","","2023-10-22T21:28:01Z","","0","","265 Office hour"
"2023-06-14T17:00:00","2023-06-14T20:00:00","2023-11-20T15:07:01Z","2023-10-22T21:28:01Z","","2023-10-22T21:28:01Z","Bloomberg Building Rooms 061/071, Cornell Tech, 2 W Loop Rd, New York, NY 10044, USA","0","","Wednesday Section - Machine Learning Foundations Lab 2"
"2023-06-07T17:00:00","2023-06-07T20:00:00","2023-11-20T15:07:01Z","2023-10-22T21:28:01Z","","2023-10-22T21:28:01Z","Bloomberg Building Rooms 061/071, Cornell Tech, 2 W Loop Rd, New York, NY 10044, USA","0","","Wednesday Section - Machine Learning Foundations Lab 1"
"2023-07-12T17:00:00","2023-07-12T20:00:00","2023-11-20T15:07:01Z","2023-10-22T21:28:01Z","","2023-10-22T21:28:01Z","Bloomberg Building Rooms 061/071, Cornell Tech, 2 W Loop Rd, New York, NY 10044, USA","0","","Wednesday Section - Machine Learning Foundations Lab 5"
"2023-06-21T17:00:00","2023-06-21T20:00:00","2023-11-20T15:07:01Z","2023-10-22T21:28:01Z","","2023-10-22T21:28:01Z","Bloomberg Building Rooms 061/071, Cornell Tech, 2 W Loop Rd, New York, NY 10044, USA","0","","Wednesday Section - Machine Learning Foundations Lab 3"
"2023-11-11T14:00:00Z","2023-11-11T22:00:00Z","2023-11-20T15:07:01Z","2023-10-22T21:28:01Z","","2023-10-22T21:28:01Z","Cornell Tech, 2 W Loop Rd, New York, NY 10044, USA","0","","AI Studio Maker Day 3"
"2023-08-15T13:30:00Z","2023-08-15T22:00:00Z","2023-11-20T15:07:01Z","2023-10-22T21:28:01Z","","2023-10-22T21:28:01Z","Cornell Tech, 2 W Loop Rd, New York, NY 10044, USA","0","","Bridge to Studio Day 2"
"2023-08-16T13:30:00Z","2023-08-16T21:30:00Z","2023-11-20T15:07:01Z","2023-10-22T21:28:01Z","","2023-10-22T21:28:01Z","Cornell Tech, 2 W Loop Rd, New York, NY 10044, USA","0","","Bridge to Studio Day 3"
"2023-10-07T13:00:00Z","2023-10-07T21:00:00Z","2023-11-20T15:07:01Z","2023-10-22T21:28:01Z","","2023-10-22T21:28:01Z","Cornell Tech, 2 W Loop Rd, New York, NY 10044, USA","0","","AI Studio Maker Day 2"
"2024-01-20T14:00:00Z","2024-01-20T22:00:00Z","2023-11-20T15:07:01Z","2023-10-22T21:28:01Z","","2023-10-22T21:28:01Z","Cornell Tech, 2 W Loop Rd, New York, NY 10044, USA","0","","AI Studio Spring Kickoff"
"2024-04-20T13:00:00Z","2024-04-20T21:00:00Z","2023-11-20T15:07:01Z","2023-10-22T21:28:01Z","","2023-10-22T21:28:01Z","Cornell Tech, 2 W Loop Rd, New York, NY 10044, USA","0","","Break Through Tech AI Closing Celebration"
"2023-08-14T13:15:00Z","2023-08-14T21:15:00Z","2023-11-20T15:07:01Z","2023-10-22T21:28:02Z","","2023-10-22T21:28:02Z","Cornell Tech, 2 W Loop Rd, New York, NY 10044, USA","0","","Bridge to Studio Day 1"
"2023-09-09T13:00:00Z","2023-09-09T21:00:00Z","2023-11-20T15:07:01Z","2023-10-22T21:28:02Z","","2023-10-22T21:28:02Z","Cornell Tech, 2 W Loop Rd, New York, NY 10044, USA","0","","AI Studio Maker Day 1"
"2024-02-24T14:00:00Z","2024-02-24T22:00:00Z","2023-11-20T15:07:01Z","2023-10-22T21:28:02Z","","2023-10-22T21:28:02Z","Cornell Tech, 2 W Loop Rd, New York, NY 10044, USA","0","","AI Studio Maker Day 4"
"2024-03-23T13:00:00Z","2024-03-23T21:00:00Z","2023-11-20T15:07:01Z","2023-10-22T21:28:02Z","","2023-10-22T21:28:02Z","Cornell Tech, 2 W Loop Rd, New York, NY 10044, USA","0","","AI Studio Maker Day 5"
"2023-08-11","2023-08-12","2023-11-20T15:07:01Z","2023-10-22T21:28:02Z","","2023-10-22T21:28:02Z","","0","","Lab 8A/B due by 11:59 p.m. ET"
"2023-06-07T15:30:00","2023-06-07T16:30:00","2023-11-20T15:07:01Z","2023-10-22T21:28:02Z","","2023-10-22T21:28:02Z","","0","","Office Hours w/ Prof. Abdelfattah"
"2023-06-08T17:00:00","2023-06-08T18:00:00","2023-11-20T15:07:01Z","2023-10-22T21:28:02Z","<a href=https://cornell.zoom.us/j/99217324885?pwd=QUtXbmlZRVFyS0dFV2xxM0dqV1FrQT09>https://cornell.zoom.us/j/99217324885?pwd=QUtXbmlZRVFyS0dFV2xxM0dqV1FrQT09</a>\n.........................................................................................................................................\nJoin Teams Meeting\nen-US\nhttps://teams.microsoft.com/l/meetup-join/19%3ameeting_YjZlMThkYzQtZjRlZC00ZjY4LWIyMzQtMmUwMzdlYzM2MDJj%40thread.v2/0?context=%7b%22Tid%22%3a%222a1907c3-592c-40cb-8a88-7f2d40bd937a%22%2c%22Oid%22%3a%22067a3174-f0c3-4b01-b796-16c0bb540348%22%7d\nMeeting ID: 237 050 953 398\nPasscode: QzCQDD\n\nIf you need a local number, get one here. And if you've forgotten the dial-in PIN, you can reset it.\n\n\n\n\nLearn More https://aka.ms/JoinTeamsMeeting |  | Meeting options: https://teams.microsoft.com/meetingOptions/?organizerId=067a3174-f0c3-4b01-b796-16c0bb540348&tenantId=2a1907c3-592c-40cb-8a88-7f2d40bd937a&threadId=19_meeting_YjZlMThkYzQtZjRlZC00ZjY4LWIyMzQtMmUwMzdlYzM2MDJj@thread.v2&messageId=0&language=en-US |\n.........................................................................................................................................\n","2023-10-22T21:28:02Z","https://cornell.zoom.us/j/99217324885?pwd=QUtXbmlZRVFyS0dFV2xxM0dqV1FrQT09","0","","Office Hours w/ Celine (Head TA)"
"2023-08-12T03:30:00Z","2023-08-12T03:59:00Z","2023-11-20T15:07:01Z","2023-10-22T21:28:02Z","","2023-10-22T21:28:02Z","","0","","Lab 8A/B due"
"2023-05-31T17:00:00","2023-05-31T20:00:00","2023-11-20T15:07:01Z","2023-10-22T21:28:02Z","","2023-10-22T21:28:02Z","Bloomberg Building Rooms 061/071, Cornell Tech, 2 W Loop Rd, New York, NY 10044, USA","0","","Wednesday Section - Machine Learning Foundations Course Kickoff"
"2023-06-06T07:45:00","2023-06-06T08:00:00","2023-11-20T15:07:01Z","2023-10-22T21:28:02Z","","2023-10-22T21:28:02Z","","0","","265 Office hours"
"2023-06-20","2023-06-21","2023-11-20T15:07:01Z","2023-10-22T21:28:02Z","","2023-10-22T21:28:02Z","","0","","265 Midterm 1"
"2023-05-16T19:15:00","2023-05-16T20:45:00","2023-11-20T15:07:01Z","2023-10-22T21:28:02Z","","2023-10-22T21:28:02Z","","0","","160 Test 1 Makeup"
"2023-05-17T08:00:00","2023-05-17T08:15:00","2023-11-20T15:07:01Z","2023-10-22T21:28:02Z","","2023-10-22T21:28:02Z","","0","","BB test"
"2023-05-15T13:00:00","2023-05-15T14:00:00","2023-11-20T15:07:01Z","2023-10-22T21:28:02Z","","2023-10-22T21:28:02Z","","0","","335 Office Hours"
"2023-04-03T13:00:00","2023-04-03T15:00:00","2023-11-20T15:07:01Z","2023-10-22T21:28:02Z","","2023-10-22T21:28:02Z","","0","","335 Office Hours"
"2023-05-08T13:45:00","2023-05-08T14:45:00","2023-11-20T15:07:01Z","2023-10-22T21:28:02Z","","2023-10-22T21:28:02Z","https://us04web.zoom.us/j/75589652602?pwd=bEuBzeP2Ba0tIcxG7d0i6niiO99FuO.1","0","","160 tutoring"
"2023-05-31T09:30:00","2023-05-31T17:00:00","2023-11-20T15:07:01Z","2023-10-22T21:28:02Z","","2023-10-22T21:28:02Z","","0","","NYU AI school"
"2023-04-30T06:45:00","2023-04-30T10:45:00","2023-11-20T15:07:01Z","2023-10-22T21:28:02Z","","2023-10-22T21:28:02Z","","0","","Rise of the Academic"
"2023-04-29T02:00:00","2023-04-29T06:00:00","2023-11-20T15:07:01Z","2023-10-22T21:28:02Z","","2023-10-22T21:28:02Z","","0","","Rise of the Academic"
"2023-05-08","2023-05-09","2023-11-20T15:07:01Z","2023-10-22T21:28:02Z","","2023-10-22T21:28:02Z","","0","","WT2 final"
"2023-05-18","2023-05-19","2023-11-20T15:07:01Z","2023-10-22T21:28:02Z","","2023-10-22T21:28:02Z","","0","","335 Final"
"2023-05-11","2023-05-12","2023-11-20T15:07:01Z","2023-10-22T21:28:02Z","","2023-10-22T21:28:02Z","","0","","MUSIC Final"
"2023-05-08","2023-05-09","2023-11-20T15:07:01Z","2023-10-22T21:28:02Z","","2023-10-22T21:28:02Z","","0","","Play Analysis Final"
"2023-05-16","2023-05-17","2023-11-20T15:07:01Z","2023-10-22T21:28:03Z","","2023-10-22T21:28:03Z","","0","","160 Test 1"
"2023-05-09","2023-05-10","2023-11-20T15:07:01Z","2023-10-22T21:28:03Z","","2023-10-22T21:28:03Z","","0","","160 Test 2"
"2023-04-10T16:00:00Z","2023-04-10T16:15:00Z","2023-11-20T15:07:01Z","2023-10-22T21:28:03Z","Event Name: Steven Palomino 160TA Hours\nEvent Description: Online or In Person you MUST signupIf there are any problems or questions with the location/time/etc email me.IMPORTANT:TODAY: 3/1      HOURS WILL END EARLY AT 11:30-----------------------------------------------------Monday(IN PERSON) 12PM - 4 PMLOCATION: Dolciani Math center(SEE MAP BELOW)IMPORTANT:Wednesday(IN PERSON) 10AM - 1 PMLOCATION: Dolciani Math center(SEE MAP BELOW)Thursday(ONLINE-ZOOM) 9AM - 11AMZOOM LINK GIVEN ON SIGNUP2/9/23 -TUTORING WILL BE FROM 9-10:30MAP FOR IN-PERSON LOCATION:https://imgur.com/a/REInT3l\nDate & Time: 12:00pm - 12:15pm (Eastern Time - US & Canada) on Monday, April 10, 2023\nLocation: https://us04web.zoom.us/j/75589652602?pwd=bEuBzeP2Ba0tIcxG7d0i6niiO99FuO.1\n\nPlease share any questions/topics that can help me prepare in advance.: Project time! hehe\n\nNeed to make changes to this event?\nCancel: https://calendly.com/cancellations/acde2015-814f-4e9a-baeb-54a7450b604a\nReschedule: https://calendly.com/reschedulings/acde2015-814f-4e9a-baeb-54a7450b604a\n","2023-10-22T21:28:03Z","https://us04web.zoom.us/j/75589652602?pwd=bEuBzeP2Ba0tIcxG7d0i6niiO99FuO.1","0","","Steven Palomino 160TA Hours with Steven Palomino"
"2023-05-15T13:00:00","2023-05-15T14:00:00","2023-11-20T15:07:01Z","2023-10-22T21:28:03Z","","2023-10-22T21:28:03Z","","0","","335 Office Hours"
"2023-05-15T16:00:00","2023-05-15T17:00:00","2023-11-20T15:07:01Z","2023-10-22T21:28:25Z","","2023-10-22T21:28:25Z","","0","","335 Office Hours"
"2023-03-30","2023-03-31","2023-11-20T15:07:01Z","2023-10-22T21:28:03Z","","2023-10-22T21:28:03Z","","0","","Ubu Roi presentation"
"2023-05-30T08:00:00","2023-05-30T09:34:00","2023-11-20T15:07:01Z","2023-10-22T21:28:03Z","The following information couldn’t be added to Exchange:\ntime zone:Floating","2023-10-22T21:28:03Z","Online Courses 01","0","","CSCI 26500 Computer Theory 1 at Hunter College"
"2023-03-15T14:30:00","2023-03-15T20:15:00","2023-11-20T15:07:01Z","2023-10-22T21:28:03Z","Play analysis paper\n335 quiz","2023-10-22T21:28:03Z","","0","","Rise of the Academic"
"2023-03-10T10:30:00","2023-03-10T11:30:00","2023-11-20T15:07:01Z","2023-10-22T21:28:03Z","","2023-10-22T21:28:03Z","","0","","335 Midterm Review"
"2023-03-12","2023-03-13","2023-11-20T15:07:01Z","2023-10-22T21:28:03Z","","2023-10-22T21:28:03Z","","0","","Nulty Mc Nulty (please just write the essay)"
"2023-03-16","2023-03-17","2023-11-20T15:07:01Z","2023-10-22T21:28:03Z","","2023-10-22T21:28:03Z","","0","","Summer Registration"
"2023-03-16","2023-03-17","2023-11-20T15:07:01Z","2023-10-22T21:28:03Z","","2023-10-22T21:28:03Z","","0","","335 Midterm"
"2023-03-08","2023-03-09","2023-11-20T15:07:01Z","2023-10-22T21:28:03Z","","2023-10-22T21:28:03Z","","0","","README"
"2023-03-08T14:15:00","2023-03-08T17:15:00","2023-11-20T15:07:01Z","2023-10-22T21:28:03Z","","2023-10-22T21:28:03Z","HN1001J","0","","335 tutoring"
"2023-03-01","2023-03-02","2023-11-20T15:07:01Z","2023-10-22T21:28:03Z","","2023-10-22T21:28:03Z","","0","","WT2 Transcribed play"
"2023-03-01","2023-03-02","2023-11-20T15:07:01Z","2023-10-22T21:28:03Z","","2023-10-22T21:28:03Z","","0","","Play Analysis report"
"2023-03-08","2023-03-09","2023-11-20T15:07:01Z","2023-10-22T21:28:03Z","","2023-10-22T21:28:03Z","","0","","MCNULTY"
"2023-02-17T13:00:00","2023-02-17T13:45:00","2023-11-20T15:07:01Z","2023-10-22T21:28:03Z","","2023-10-22T21:28:03Z","","0","","SAF chat"
"2023-02-11T13:00:00","2023-02-11T16:00:00","2023-11-20T15:07:01Z","2023-10-22T21:28:03Z","","2023-10-22T21:28:03Z","","0","","Rise of the Academic"
"2023-03-11T17:00:00","2023-03-11T19:00:00","2023-11-20T15:07:01Z","2023-10-22T21:28:28Z","","2023-10-22T21:28:28Z","","0","","Rise of the Academic"
"2023-02-11T13:00:00","2023-02-11T16:00:00","2023-11-20T15:07:01Z","2023-10-22T21:28:27Z","","2023-10-22T21:28:27Z","","0","","Puppet Materials"
"2023-03-05T14:00:00","2023-03-05T17:00:00","2023-11-20T15:07:01Z","2023-10-22T21:28:27Z","","2023-10-22T21:28:27Z","","0","","Rise of the Academic"
"2023-04-29T16:00:00","2023-04-29T20:00:00","2023-11-20T15:07:01Z","2023-10-22T21:28:28Z","","2023-10-22T21:28:28Z","","0","","Rise of the Academic"
"2023-01-26T10:00:00","2023-01-26T11:15:00","2023-11-20T15:07:01Z","2023-10-22T21:28:03Z","","2023-10-22T21:28:03Z","HW714","0","","CSCI 33500"
"2023-01-30T10:00:00","2023-01-30T11:15:00","2023-11-20T15:07:01Z","2023-10-22T21:28:03Z","","2023-10-22T21:28:03Z","HW714","0","","CSCI 33500 Software Design and Analysis 3"
"2023-05-18T11:30:00","2023-05-18T13:30:00","2023-11-20T15:07:01Z","2023-10-22T21:28:24Z","","2023-10-22T21:28:24Z","HW714","0","","CSCI 33500 Software Design and Analysis 3"
"2023-02-21T10:00:00","2023-02-21T11:15:00","2023-11-20T15:07:01Z","2023-10-22T21:28:24Z","","2023-10-22T21:28:24Z","HW714","0","","CSCI 33500 Software Design and Analysis 3"
"2023-01-26T11:30:00","2023-01-26T12:45:00","2023-11-20T15:07:01Z","2023-10-22T21:28:04Z","The following information couldn’t be added to Exchange:\ntime zone:Floating","2023-10-22T21:28:04Z","BTB 260","0","","THEA 21200 World Theatre II at Hunter College"
"2023-02-21T11:30:00","2023-02-21T12:45:00","2023-11-20T15:07:01Z","2023-10-22T21:28:24Z","The following information couldn’t be added to Exchange:\ntime zone:Floating","2023-10-22T21:28:24Z","BTB 260","0","","THEA 21200 World Theatre II at Hunter College"
"2023-01-26T16:00:00","2023-01-26T17:15:00","2023-11-20T15:07:01Z","2023-10-22T21:28:04Z","The following information couldn’t be added to Exchange:\ntime zone:Floating","2023-10-22T21:28:04Z","North Building 404","0","","MUSHL 10700 The World of Music at Hunter College"
"2023-02-21T16:00:00","2023-02-21T17:15:00","2023-11-20T15:07:01Z","2023-10-22T21:28:29Z","The following information couldn’t be added to Exchange:\ntime zone:Floating","2023-10-22T21:28:29Z","North Building 404","0","","MUSHL 10700 The World of Music at Hunter College"
"2023-01-26T14:30:00","2023-01-26T15:45:00","2023-11-20T15:07:01Z","2023-10-22T21:28:04Z","The following information couldn’t be added to Exchange:\ntime zone:Floating","2023-10-22T21:28:04Z","BTB230","0","","THEA 32100 Play Analysis at Hunter College"
"2023-02-21T14:30:00","2023-02-21T15:45:00","2023-11-20T15:07:01Z","2023-10-22T21:28:23Z","The following information couldn’t be added to Exchange:\ntime zone:Floating","2023-10-22T21:28:23Z","BTB230","0","","THEA 32100 Play Analysis at Hunter College"
"2023-01-26T19:30:00","2023-01-26T20:45:00","2023-11-20T15:07:01Z","2023-10-22T21:28:04Z","The following information couldn’t be added to Exchange:\ntime zone:Floating","2023-10-22T21:28:04Z","https://us02web.zoom.us/j/7153988537?pwd=V2ZLYWt0RWxsbnBjbFBGYjVvb2pEZz09","0","","CSCI 16000 Computer Architecture 1 at Hunter College"
"2022-11-29","2022-11-30","2023-11-20T15:07:01Z","2023-10-22T21:28:04Z","","2023-10-22T21:28:04Z","","0","","Quiz!! 235!"
"2022-12-12","2022-12-13","2023-11-20T15:07:01Z","2023-10-22T21:28:04Z","","2023-10-22T21:28:04Z","","0","","ENG Final Draft"
"2022-12-04","2022-12-05","2023-11-20T15:07:01Z","2023-10-22T21:28:04Z","","2023-10-22T21:28:04Z","","0","","Logic P2 due"
"2022-12-04","2022-12-05","2023-11-20T15:07:01Z","2023-10-22T21:28:04Z","","2023-10-22T21:28:04Z","","0","","Reading journal due"
"2022-12-12","2022-12-13","2023-11-20T15:07:01Z","2023-10-22T21:28:04Z","","2023-10-22T21:28:04Z","","0","","WT3 Final presentation"
"2022-12-06","2022-12-07","2023-11-20T15:07:01Z","2023-10-22T21:28:04Z","","2023-10-22T21:28:04Z","","0","","Quiz!! 235!"
"2022-11-29T16:00:00","2022-11-29T19:00:00","2023-11-20T15:07:01Z","2023-10-22T21:28:04Z","","2023-10-22T21:28:04Z","","0","","GEO slides(?)"
"2022-11-30T10:30:00","2022-11-30T14:00:00","2023-11-20T15:07:01Z","2023-10-22T21:28:04Z","","2023-10-22T21:28:04Z","","0","","Logic Project Rei"
"2022-11-19T18:30:00","2022-11-19T22:30:00","2023-11-20T15:07:01Z","2023-10-22T21:28:04Z","Eng 220 discussion board\nWT3 final proposal\nRocks report","2023-10-22T21:28:04Z","","0","","please do your homework"
"2022-11-20","2022-11-21","2023-11-20T15:07:01Z","2023-10-22T21:28:04Z","","2023-10-22T21:28:04Z","","0","","WT3 Final Proposal due 5pm!!!"
"2022-11-20T10:00:00","2022-11-20T15:15:00","2023-11-20T15:07:01Z","2023-10-22T21:28:04Z","WT3 annotations\n\nLogic hw","2023-10-22T21:28:04Z","","0","","please do your homework"
"2022-11-19T13:30:00","2022-11-19T16:00:00","2023-11-20T15:07:01Z","2023-10-22T21:28:04Z","","2023-10-22T21:28:04Z","","0","","Central Park Rocks!"
"2022-11-16T19:30:00","2022-11-16T20:30:00","2023-11-20T15:07:01Z","2023-10-22T21:28:04Z","","2023-10-22T21:28:04Z","","0","","WT3/Eng"
"2022-11-04T10:00:00","2022-11-04T11:00:00","2023-11-20T15:07:01Z","2023-10-22T21:28:04Z","","2023-10-22T21:28:04Z","","0","","WT3 Music review"
"2022-10-31","2022-11-01","2023-11-20T15:07:01Z","2023-10-22T21:28:04Z","","2023-10-22T21:28:04Z","","0","","CSCI 37200 P1 Due"
"2022-10-20T07:00:00","2022-10-20T08:30:00","2023-11-20T15:07:01Z","2023-10-22T21:28:04Z","","2023-10-22T21:28:04Z","","0","","235 Cheat Sheet"
"2022-10-19T14:30:00","2022-10-19T16:00:00","2023-11-20T15:07:01Z","2023-10-22T21:28:04Z","","2023-10-22T21:28:04Z","","0","","335 workshop"
"2022-10-15T20:00:00","2022-10-15T23:30:00","2023-11-20T15:07:01Z","2023-10-22T21:28:04Z","","2023-10-22T21:28:04Z","","0","","Geology"
"2022-10-18","2022-10-19","2023-11-20T15:07:01Z","2023-10-22T21:28:05Z","","2023-10-22T21:28:05Z","","0","","Geology Midterm/Lab3"
"2022-09-06T13:00:00","2022-09-06T14:15:00","2023-11-20T15:07:01Z","2023-10-22T21:28:05Z","","2023-10-22T21:28:05Z","","0","","GEOL 10100 Introductory Geology Lab at Hunter College"
"2022-09-23T15:30:00","2022-09-23T17:30:00","2023-11-20T15:07:01Z","2023-10-22T21:28:05Z","","2023-10-22T21:28:05Z","HN1000J","0","","372 Office hours"
"2022-09-06T14:30:00","2022-09-06T15:45:00","2023-11-20T15:07:01Z","2023-10-22T21:28:05Z","","2023-10-22T21:28:05Z","https://us02web.zoom.us/meeting/register/tZUocequqjwrGd3MhbP6AnzCC61kraMFqyNY ","0","","235 Review / Online Assessments Workshop"
"2022-09-23T13:00:00","2022-09-23T14:15:00","2023-11-20T15:07:01Z","2023-10-22T21:28:05Z","","2023-10-22T21:28:05Z","https://us02web.zoom.us/j/2403731579\n","0","","GEOL 10100 Introductory Geology Lab at Hunter College"
"2022-08-31T16:00:00","2022-08-31T18:30:00","2023-11-20T15:07:01Z","2023-10-22T21:28:05Z","","2023-10-22T21:28:05Z","HN1001F","0","","CSCI 26700 Micro Processing and Embedded System"
"2022-08-30T13:00:00","2022-08-30T14:15:00","2023-11-20T15:07:01Z","2023-10-22T21:28:05Z","","2023-10-22T21:28:05Z","","0","","GEOL 10100 Introductory Geology Lab at Hunter College"
"2022-08-29","2022-08-30","2023-11-20T15:07:01Z","2023-10-22T21:28:05Z","","2023-10-22T21:28:05Z","","0","","Preview geo lab 1/linux"
"2022-09-26","2022-09-28","2023-11-20T15:07:01Z","2023-10-22T21:28:05Z","","2023-10-22T21:28:05Z","","0","","No classes scheduled"
"2022-08-30T14:30:00","2022-08-30T15:45:00","2023-11-20T15:07:01Z","2023-10-22T21:28:05Z","","2023-10-22T21:28:05Z","","0","","Tech Interview Prep"
"2022-11-24","2022-11-26","2023-11-20T15:07:01Z","2023-10-22T21:28:05Z","","2023-10-22T21:28:05Z","","0","","College Closed"
"2022-10-10","2022-10-11","2023-11-20T15:07:01Z","2023-10-22T21:28:05Z","","2023-10-22T21:28:05Z","","0","","College Closed"
"2022-10-04","2022-10-06","2023-11-20T15:07:01Z","2023-10-22T21:28:05Z","","2023-10-22T21:28:05Z","","0","","No Classes"
"2022-09-29","2022-09-30","2023-11-20T15:07:01Z","2023-10-22T21:28:05Z","","2023-10-22T21:28:05Z","","0","","Classes follow a Monday Schedule"
"2022-09-02","2022-09-03","2023-11-20T15:07:01Z","2023-10-22T21:28:05Z","","2023-10-22T21:28:05Z","","0","","No Classes"
"2022-09-05","2022-09-06","2023-11-20T15:07:01Z","2023-10-22T21:28:05Z","","2023-10-22T21:28:05Z","","0","","Labor Day"
"2022-08-25T07:30:00","2022-08-25T08:45:00","2023-11-20T15:07:01Z","2023-10-22T21:28:05Z","","2023-10-22T21:28:05Z","TBA","0","","ENGL 22000 Intro:Writing about Literature at Hunter College"
"2022-08-25T11:30:00","2022-08-25T12:45:00","2023-11-20T15:07:01Z","2023-10-22T21:28:26Z","","2023-10-22T21:28:26Z","HW410","0","","ENGL 22000 Intro:Writing about Literature at Hunter College"
"2022-08-25T19:00:00","2022-08-25T20:15:00","2023-11-20T15:07:01Z","2023-10-22T21:28:05Z","","2023-10-22T21:28:05Z","HW224","0","","CSCI 37200 Logic and Programming"
"2022-12-15T18:00:00","2022-12-15T20:30:00","2023-11-20T15:07:01Z","2023-10-22T21:28:26Z","","2023-10-22T21:28:26Z","HW224","0","","CSCI 37200 Logic and Programming FINAL"
"2022-11-15T19:00:00","2022-11-15T20:15:00","2023-11-20T15:07:01Z","2023-10-22T21:28:25Z","","2023-10-22T21:28:25Z","HW224","0","","CSCI 37200 Midterm"
"2022-12-13T19:00:00","2022-12-13T20:15:00","2023-11-20T15:07:01Z","2023-10-22T21:28:25Z","","2023-10-22T21:28:25Z","BB collaborate","0","","CSCI 37200 Logic and Programming"
"2022-08-29T11:30:00","2022-08-29T12:45:00","2023-11-20T15:07:01Z","2023-10-22T21:28:05Z","","2023-10-22T21:28:05Z","N1602","0","","ENGL 22000 Intro:Writing about Literature at Hunter College"
"2022-08-26T13:00:00","2022-08-26T14:15:00","2023-11-20T15:07:01Z","2023-10-22T21:28:05Z","","2023-10-22T21:28:05Z","North Building 1021","0","","GEOL 10100 Introductory Geology Lab at Hunter College"
"2022-08-26T08:30:00","2022-08-26T09:45:00","2023-11-20T15:07:01Z","2023-10-22T21:28:05Z","","2023-10-22T21:28:05Z","West Building W714","0","","CSCI 23500 Software Analysis and Design 2 at Hunter College"
"2022-12-16T09:00:00","2022-12-16T11:00:00","2023-11-20T15:07:01Z","2023-10-22T21:28:22Z","","2023-10-22T21:28:22Z","West Building W714","0","","CSCI 23500 Final"
"2022-08-25T10:00:00","2022-08-25T11:15:00","2023-11-20T15:07:01Z","2023-10-22T21:28:05Z","","2023-10-22T21:28:05Z","Baker Hall BTB460","0","","THEA 21300 World Theatre 3 at Hunter College"
"2022-11-21T10:00:00","2022-11-21T11:15:00","2023-11-20T15:07:01Z","2023-10-22T21:28:27Z","","2023-10-22T21:28:27Z","Zoom","0","","THEA 21300 World Theatre 3 at Hunter College"
"2022-11-03T10:00:00","2022-11-03T11:15:00","2023-11-20T15:07:01Z","2023-10-22T21:28:26Z","","2023-10-22T21:28:26Z","Baker Hall BTB460","0","","(ASYNC) THEA 21300 World Theatre 3 at Hunter College"
"2022-11-28T10:00:00","2022-11-28T11:15:00","2023-11-20T15:07:01Z","2023-10-22T21:28:27Z","","2023-10-22T21:28:27Z","Async","0","","THEA 21300 World Theatre 3 at Hunter College"
"2022-11-14T10:00:00","2022-11-14T11:15:00","2023-11-20T15:07:01Z","2023-10-22T21:28:27Z","","2023-10-22T21:28:27Z","zoom","0","","THEA 21300 World Theatre 3 at Hunter College"
"2022-07-10T14:00:00","2022-07-10T18:00:00","2023-11-20T15:07:01Z","2023-10-22T21:28:05Z","","2023-10-22T21:28:05Z","","0","","265 Final Review"
"2022-07-13T13:30:00","2022-07-13T15:04:00","2023-11-20T15:07:01Z","2023-10-22T21:28:05Z","","2023-10-22T21:28:05Z","NC108","0","","CSCI 26500 Computer Theory 1 Final"
"2022-07-13T09:50:00","2022-07-13T11:24:00","2023-11-20T15:07:01Z","2023-10-22T21:28:05Z","","2023-10-22T21:28:05Z","NC107","0","","CSCI 15000 Discrete Structures Final"
"2022-07-09T11:00:00","2022-07-09T17:15:00","2023-11-20T15:07:01Z","2023-10-22T21:28:06Z","","2023-10-22T21:28:06Z","","0","","265 Final Review"
"2022-07-07T15:04:00","2022-07-07T16:00:00","2023-11-20T15:07:01Z","2023-10-22T21:28:06Z","","2023-10-22T21:28:06Z","","0","","150/265 Grading"
"2022-07-07T12:45:00","2022-07-07T13:30:00","2023-11-20T15:07:01Z","2023-10-22T21:28:06Z","","2023-10-22T21:28:06Z","","0","","150 Grading"
"2022-07-06","2022-07-07","2023-11-20T15:07:01Z","2023-10-22T21:28:06Z","","2023-10-22T21:28:06Z","","0","","CSCI265 Midterm"
"2022-07-01T14:00:00","2022-07-01T17:30:00","2023-11-20T15:07:01Z","2023-10-22T21:28:06Z","","2023-10-22T21:28:06Z","","0","","265 Midterm 2 Review"
"2022-07-03T14:00:00","2022-07-03T17:30:00","2023-11-20T15:07:01Z","2023-10-22T21:28:28Z","","2023-10-22T21:28:28Z","","0","","265 Midterm 2 Review"
"2022-07-02T11:30:00","2022-07-02T19:00:00","2023-11-20T15:07:01Z","2023-10-22T21:28:27Z","","2023-10-22T21:28:27Z","","0","","265 Midterm 2 Review"
"2022-06-29T15:45:00","2022-06-29T16:45:00","2023-11-20T15:07:01Z","2023-10-22T21:28:06Z","","2023-10-22T21:28:06Z","HWL9","0","","150 Midterm 1 Grading"
"2022-06-26T12:30:00","2022-06-26T17:30:00","2023-11-20T15:07:01Z","2023-10-22T21:28:06Z","","2023-10-22T21:28:06Z","","0","","150 Midterm Review"
"2022-06-20T13:30:00","2022-06-20T17:00:00","2023-11-20T15:07:01Z","2023-10-22T21:28:06Z","","2023-10-22T21:28:06Z","1574 Second Ave - New York, NY, United States","0","","265 Review"
"2022-06-19T14:00:00","2022-06-19T18:00:00","2023-11-20T15:07:01Z","2023-10-22T21:28:06Z","","2023-10-22T21:28:06Z","HN1000","0","","265 review"
"2022-06-28","2022-06-29","2023-11-20T15:07:01Z","2023-10-22T21:28:06Z","","2023-10-22T21:28:06Z","","0","","CSCI150 Midterm"
"2022-06-21","2022-06-22","2023-11-20T15:07:01Z","2023-10-22T21:28:06Z","","2023-10-22T21:28:06Z","","0","","CSCI265 Midterm"
"2022-06-15T13:00:00","2022-06-15T13:30:00","2023-11-20T15:07:01Z","2023-10-22T21:28:06Z","","2023-10-22T21:28:06Z","","0","","150/265 office hours"
"2022-07-11T11:30:00","2022-07-11T12:00:00","2023-11-20T15:07:01Z","2023-10-22T21:28:29Z","","2023-10-22T21:28:29Z","","0","","150/265 office hours"
"2022-06-02T15:15:00","2022-06-02T16:15:00","2023-11-20T15:07:01Z","2023-10-22T21:28:06Z","","2023-10-22T21:28:06Z","","0","","127 Scanning"
"2022-06-02T13:00:00","2022-06-02T13:30:00","2023-11-20T15:07:01Z","2023-10-22T21:28:06Z","","2023-10-22T21:28:06Z","","0","","150 Grading"
"2022-07-05T15:04:00","2022-07-05T15:27:00","2023-11-20T15:07:01Z","2023-10-22T21:28:29Z","","2023-10-22T21:28:29Z","","0","","150/265 Grading"
"2022-05-22T11:15:00","2022-05-22T15:45:00","2023-11-20T15:07:01Z","2023-10-22T21:28:06Z","","2023-10-22T21:28:06Z","","0","","Scene Design papers"
"2022-05-21T15:00:00","2022-05-21T17:30:00","2023-11-20T15:07:01Z","2023-10-22T21:28:06Z","","2023-10-22T21:28:06Z","","0","","SQL Project 2"
"2022-05-14T13:30:00","2022-05-14T18:00:00","2023-11-20T15:07:01Z","2023-10-22T21:28:06Z","","2023-10-22T21:28:06Z","","0","","SQL Project 1"
"2022-05-18T17:20:00","2022-05-18T19:20:00","2023-11-20T15:07:01Z","2023-10-22T21:28:06Z","","2023-10-22T21:28:06Z","Cafeteria","0","","CSCI 160 Final (Proctor)"
"2022-05-19T11:30:00","2022-05-19T13:30:00","2023-11-20T15:07:01Z","2023-10-22T21:28:06Z","","2023-10-22T21:28:06Z","","0","","CSCI 135 Final"
"2022-05-12T13:00:00","2022-05-12T14:00:00","2023-11-20T15:07:01Z","2023-10-22T21:28:06Z","","2023-10-22T21:28:06Z","","0","","Lab 13F"
"2022-05-06T16:50:00","2022-05-06T17:50:00","2023-11-20T15:07:01Z","2023-10-22T21:28:06Z","","2023-10-22T21:28:06Z","","0","","Louisa Meeting"
"2022-04-27T18:10:00","2022-04-27T19:00:00","2023-11-20T15:07:01Z","2023-10-22T21:28:06Z","","2023-10-22T21:28:06Z","HW303","0","","CSCI 16000 Proctor"
"2022-05-31T13:30:00","2022-05-31T15:04:00","2023-11-20T15:07:01Z","2023-10-22T21:28:06Z","","2023-10-22T21:28:06Z","NC108","0","","CSCI 26500 Computer Theory 1"
"2022-05-31T11:40:00","2022-05-31T12:43:00","2023-11-20T15:07:01Z","2023-10-22T21:28:06Z","","2023-10-22T21:28:06Z","HN535","0","","CSCI 15000 Discrete Structures Rec"
"2022-05-31T09:50:00","2022-05-31T11:24:00","2023-11-20T15:07:01Z","2023-10-22T21:28:06Z","","2023-10-22T21:28:06Z","NC107","0","","CSCI 15000 Discrete Structures Lec"
"2022-07-12T09:50:00","2022-07-12T11:24:00","2023-11-20T15:07:01Z","2023-10-22T21:28:29Z","","2023-10-22T21:28:29Z","NC107","0","","CSCI 15000 Discrete Structures Midterm"
"2022-05-23T12:00:00","2022-05-23T17:00:00","2023-11-20T15:07:01Z","2023-10-22T21:28:06Z","","2023-10-22T21:28:06Z","HN1001E","0","","CSCI 12700 Grading"
"2022-05-23T08:00:00","2022-05-23T12:00:00","2023-11-20T15:07:01Z","2023-10-22T21:28:06Z","","2023-10-22T21:28:06Z","118 Hunter north","0","","CSCI127 Final Proctor"
"2022-05-17T08:00:00","2022-05-17T11:00:00","2023-11-20T15:07:01Z","2023-10-22T21:28:07Z","","2023-10-22T21:28:07Z","HN118","0","","CSCI 12700 Mock Exam"
"2022-04-13T07:00:00","2022-04-13T08:00:00","2023-11-20T15:07:01Z","2023-10-22T21:28:07Z","","2023-10-22T21:28:07Z","","0","","WGS hw "
"2022-03-17","2022-03-18","2023-11-20T15:07:01Z","2023-10-22T21:28:07Z","","2023-10-22T21:28:07Z","","0","","135 Midterm"
"2022-02-18T13:10:00","2022-02-18T16:50:00","2023-11-20T15:07:01Z","2023-10-22T21:28:07Z","The following information couldn’t be added to Exchange:\ntime zone:Floating","2023-10-22T21:28:07Z","North Building 537","0","","THEA 38100 Scene Design I at Hunter College"
"2022-02-15T19:00:00","2022-02-15T20:15:00","2023-11-20T15:07:01Z","2023-10-22T21:28:07Z","","2023-10-22T21:28:07Z","North Building 1001B","0","","CSCI 23200 Rel Databases & SQL Programming at Hunter College"
"2022-02-17T13:10:00","2022-02-17T15:00:00","2023-11-20T15:07:01Z","2023-10-22T21:28:07Z","The following information couldn’t be added to Exchange:\ntime zone:Floating","2023-10-22T21:28:07Z","North Building 1001C","0","","CSCI 13500 Software Analysis and Design 1 at Hunter College"
"2022-02-17T09:45:00","2022-02-17T11:00:00","2023-11-20T15:07:01Z","2023-10-22T21:28:07Z","The following information couldn’t be added to Exchange:\ntime zone:Floating","2023-10-22T21:28:07Z","North Building 132","0","","CSCI 13500 Software Analysis and Design 1 at Hunter College"
"2022-02-16T10:10:00","2022-02-16T13:00:00","2023-11-20T15:07:01Z","2023-10-22T21:28:07Z","The following information couldn’t be added to Exchange:\ntime zone:Floating","2023-10-22T21:28:07Z","North Building C110","0","","WGS 10000 Intro Gender/Sex Studies at Hunter College"
"2022-02-07T11:00:00","2022-02-07T14:00:00","2023-11-20T15:07:01Z","2023-10-22T21:28:07Z","","2023-10-22T21:28:07Z","BTB680","0","","Model Building"
"2022-01-11T19:00:00","2022-01-11T20:15:00","2023-11-20T15:07:01Z","2023-10-22T21:28:07Z","","2023-10-22T21:28:07Z","North Building 1001B","0","","CSCI 23200 Rel Databases & SQL Programming at Hunter College"
"2022-01-31T09:45:00","2022-01-31T11:00:00","2023-11-20T15:07:01Z","2023-10-22T21:28:07Z","The following information couldn’t be added to Exchange:\ntime zone:Floating","2023-10-22T21:28:07Z","North Building 132","0","","CSCI 13500 Software Analysis and Design 1 at Hunter College"
"2022-02-02T10:10:00","2022-02-02T13:00:00","2023-11-20T15:07:01Z","2023-10-22T21:28:07Z","The following information couldn’t be added to Exchange:\ntime zone:Floating","2023-10-22T21:28:07Z","North Building C110","0","","WGS 10000 Intro Gender/Sex Studies at Hunter College"
"2022-01-28T13:10:00","2022-01-28T16:50:00","2023-11-20T15:07:01Z","2023-10-22T21:28:07Z","The following information couldn’t be added to Exchange:\ntime zone:Floating","2023-10-22T21:28:07Z","North Building 537","0","","THEA 38100 Scene Design I at Hunter College"
"2022-02-08T13:15:00","2022-02-08T16:55:00","2023-11-20T15:07:01Z","2023-10-22T21:28:23Z","The following information couldn’t be added to Exchange:\ntime zone:Floating","2023-10-22T21:28:23Z","North Building 537","0","","THEA 38100 Scene Design I at Hunter College"
"2022-01-28T13:10:00","2022-01-28T15:00:00","2023-11-20T15:07:01Z","2023-10-22T21:28:22Z","The following information couldn’t be added to Exchange:\ntime zone:Floating","2023-10-22T21:28:22Z","North Building 537","0","","THEA 38100 Scene Design I at Hunter College"
"2022-02-03T13:10:00","2022-02-03T15:00:00","2023-11-20T15:07:01Z","2023-10-22T21:28:07Z","The following information couldn’t be added to Exchange:\ntime zone:Floating","2023-10-22T21:28:07Z","North Building 1001C","0","","CSCI 13500 Software Analysis and Design 1 at Hunter College"
"2021-10-15T12:00:00","2021-10-15T15:00:00","2023-11-20T15:07:01Z","2023-10-22T21:28:07Z","","2023-10-22T21:28:07Z","Scene shop","0","","Jen etc"
"2021-10-15T12:00:00","2021-10-15T12:10:00","2023-11-20T15:07:01Z","2023-10-22T21:28:07Z","","2023-10-22T21:28:07Z","","0","","Claudia puppet"
"2021-10-15T11:30:00","2021-10-15T12:00:00","2023-11-20T15:07:01Z","2023-10-22T21:28:13Z","","2023-10-22T21:28:13Z","","0","","Sana baker building"
"2021-10-08T15:30:00","2021-10-08T16:00:00","2023-11-20T15:07:01Z","2023-10-22T21:28:13Z","","2023-10-22T21:28:13Z","TH102","0","","Costume measurements"
"2021-10-08T18:00:00","2021-10-08T19:00:00","2023-11-20T15:07:01Z","2023-10-22T21:28:13Z","","2023-10-22T21:28:13Z","","0","","Meeting My"
"2021-10-08T12:00:00","2021-10-08T14:00:00","2023-11-20T15:07:01Z","2023-10-22T21:28:13Z","","2023-10-22T21:28:13Z","","0","","Jen etc"
"2021-10-06T13:00:00","2021-10-06T15:00:00","2023-11-20T15:07:01Z","2023-10-22T21:28:13Z","","2023-10-22T21:28:13Z","Loewe Theater, 119 East 68th Street, New York, NY10065","0","","CoLab 3.0 Production Meeting"
"2021-09-28T15:30:00","2021-09-28T16:30:00","2023-11-20T15:07:01Z","2023-10-22T21:28:13Z","","2023-10-22T21:28:13Z","","0","","HTC SAF w Brad"
"2021-09-27T17:30:00","2021-09-27T19:30:00","2023-11-20T15:07:01Z","2023-10-22T21:28:13Z","","2023-10-22T21:28:13Z","Loewe Theater, 119 East 68th Street, New York, NY10065","0","","CoLab Auditions"
"2021-09-27T13:00:00","2021-09-27T16:00:00","2023-11-20T15:07:01Z","2023-10-22T21:28:13Z","","2023-10-22T21:28:13Z","Loewe Theater, 119 East 68th Street, New York, NY10065","0","","CoLab Auditions"
"2021-10-07T16:00:00","2021-10-07T16:30:00","2023-11-20T15:07:01Z","2023-10-22T21:28:13Z","","2023-10-22T21:28:13Z","N1001E","0","","127 tutoring"
"2021-09-24T10:00:00","2021-09-24T11:00:00","2023-11-20T15:07:01Z","2023-10-22T21:28:13Z","","2023-10-22T21:28:13Z","","0","","CS project tech spec meeting"
"2021-09-22T16:30:00","2021-09-22T17:00:00","2023-11-20T15:07:01Z","2023-10-22T21:28:13Z","","2023-10-22T21:28:13Z","","0","","127 tutoring"
"2021-09-23T15:00:00","2021-09-23T15:30:00","2023-11-20T15:07:01Z","2023-10-22T21:28:13Z","","2023-10-22T21:28:13Z","","0","","Luis meeting"
"2021-09-23T14:30:00","2021-09-23T14:45:00","2023-11-20T15:07:01Z","2023-10-22T21:28:14Z","","2023-10-22T21:28:14Z","","0","","Carmen laksa"
"2021-09-21T20:00:00","2021-09-21T21:00:00","2023-11-20T15:07:01Z","2023-10-22T21:28:14Z","","2023-10-22T21:28:14Z","","0","","CoLab lighting meeting"
"2021-09-22T14:00:00","2021-09-22T16:00:00","2023-11-20T15:07:01Z","2023-10-22T21:28:14Z","","2023-10-22T21:28:14Z","","0","","Katie clay"
"2021-09-22T13:00:00","2021-09-22T14:00:00","2023-11-20T15:07:01Z","2023-10-22T21:28:14Z","","2023-10-22T21:28:14Z","7205198064","0","","CUNY Hackathon meeting"
"2021-09-21T18:00:00","2021-09-21T19:00:00","2023-11-20T15:07:01Z","2023-10-22T21:28:14Z","","2023-10-22T21:28:14Z","","0","","CoLab Playwriting meeting"
"2021-09-14T20:00:00","2021-09-14T21:00:00","2023-11-20T15:07:01Z","2023-10-22T21:28:14Z","","2023-10-22T21:28:14Z","","0","","CoLab lighting meeting"
"2021-09-23T16:15:00","2021-09-23T16:45:00","2023-11-20T15:07:01Z","2023-10-22T21:28:14Z","","2023-10-22T21:28:14Z","N1001E","0","","127 tutoring"
"2021-09-17T17:00:00","2021-09-17T18:00:00","2023-11-20T15:07:01Z","2023-10-22T21:28:14Z","","2023-10-22T21:28:14Z","","0","","Monika budget"
"2021-09-17T15:45:00","2021-09-17T16:15:00","2023-11-20T15:07:01Z","2023-10-22T21:28:14Z","","2023-10-22T21:28:14Z","","0","","127 tutoring"
"2021-09-23T16:30:00","2021-09-23T16:45:00","2023-11-20T15:07:01Z","2023-10-22T21:28:14Z","","2023-10-22T21:28:14Z","","0","","127 code review"
"2021-09-23T16:00:00","2021-09-23T16:15:00","2023-11-20T15:07:01Z","2023-10-22T21:28:22Z","","2023-10-22T21:28:22Z","","0","","127 code review 2"
"2021-09-23T16:45:00","2021-09-23T17:00:00","2023-11-20T15:07:01Z","2023-10-22T21:28:14Z","","2023-10-22T21:28:14Z","N1001E","0","","127 quiz"
"2021-09-17T16:45:00","2021-09-17T17:00:00","2023-11-20T15:07:01Z","2023-10-22T21:28:14Z","","2023-10-22T21:28:14Z","N1001E","0","","127 q2"
"2021-08-25T10:10:00","2021-08-25T13:00:00","2023-11-20T15:07:01Z","2023-10-22T21:28:14Z","The following information couldn’t be added to Exchange:\ntime zone:Floating","2023-10-22T21:28:14Z","North Building C109","0","","URBS 20300 Introduction: Arts Management at Hunter College"
"2021-08-27T14:10:00","2021-08-27T15:25:00","2023-11-20T15:07:01Z","2023-10-22T21:28:14Z","The following information couldn’t be added to Exchange:\ntime zone:Floating","2023-10-22T21:28:14Z","Baker Hall BTB650","0","","THEA 39711 Sound Design at Hunter College"
"2021-08-31T09:45:00","2021-08-31T11:00:00","2023-11-20T15:07:01Z","2023-10-22T21:28:14Z","The following information couldn’t be added to Exchange:\ntime zone:Floating","2023-10-22T21:28:14Z","TBA","0","","CSCI 12700 Introduction: Computer Science at Hunter College"
"2021-08-26T09:45:00","2021-08-26T11:00:00","2023-11-20T15:07:01Z","2023-10-22T21:28:14Z","The following information couldn’t be added to Exchange:\ntime zone:Floating","2023-10-22T21:28:14Z","Online Courses 01","0","","THEA 21100 World Theatre 1 at Hunter College"
"2021-12-16T11:30:00","2021-12-16T13:30:00","2023-11-20T15:07:01Z","2023-10-22T21:28:26Z","The following information couldn’t be added to Exchange:\ntime zone:Floating","2023-10-22T21:28:26Z","Online Courses 01","0","","THEA 21100 World Theatre 1 at Hunter College"
"2023-12-04T14:00:00","2023-12-04T16:00:00","2023-11-20T15:07:01Z","","Details\n-------------------------------------------------------\nName:Remote MPT for New Transfer Students\nDescription:Math Placement Test offering at Hunter College for incoming transfer students. The exam will be conducted remotely with a proctor.  Students must present valid physical (non-electronic) photo identification to test.  Students can test remotely using the following operating systems: MacOS or Windows.  A webcam, smartphone (for environment check only), mic and strong internet connection are required to test.  Note, the following devices cannot be used for testing: Chromebook OS, iPad, Smartphone, Kindle, and Tablets.  Students must know their CUNY Blackboard login credentials.\nCategory:Testing Center Events\nHost(s):Testing Center\nContact Phone:\nContact Email:testing@hunter.cuny.edu\nLocation:Virtual Event\nAddress:The session will be conducted via Zoom. Be sure to respond to the registration confirmation email and provide us with the type of operating system you will use to test.  We will then provide you with the ZOOM link for the exam.  Be ready to present valid physical (non-electronic) photo identification.\nAdditional Details:<strong><em>What you need to know:</em></strong>\n<ol>\n<li><strong>Arrival:</strong> Please arrive at the exam report-in time provided with the ZOOM meeting link.</li>\n<li><strong>The exam location:</strong> The session will be conducted via Zoom.  Be sure to respond to the registration confirmation email and provide us with the type of operating system you will use to test.  We will then provide you with the ZOOM link for the exam.  Be ready to present valid physical (non-electronic) photo identification. </a></li>\n<li><strong>What to bring:</strong> A Valid Physical (non-electronic) Photo ID (e.g. passport, state ID, school photo ID)</li><strong>Calculators and scrap paper are not allowed</strong></li>\n<li><strong>Where to find a sample test questions:</strong> <a href=https://ssologin.cuny.edu/cuny.html?resource_url=https%3A%2F%2Fbbhosted.cuny.edu%252Fwebapps%252Flogin%252Fnoportal>Log in to Blackboard.</a></li>On the left side panel, conduct an Organization Search for Hunter Math Placement Test Prep. Click on the Organization ID, HTR01_org_math_placement_test_prep, click +Enroll, submit and OK. Be sure to view READ THIS FIRST</ol>","2023-11-20T07:24:00Z","Virtual Event","1","","Meeting Scheduled:Remote MPT for New Transfer Students"